second,Volt
-0.00105006674375,-0.472379
-0.00104901674375,-0.472379
-0.00104796674375,-0.472379
-0.00104691674375,-0.472379
-0.00104586674375,-0.472379
-0.00104481674375,-0.489264
-0.00104376674375,-0.472379
-0.00104271674375,-0.472379
-0.00104166674375,-0.472379
-0.00104061674375,-0.489264
-0.00103956674375,-0.489264
-0.00103851674375,-0.489264
-0.00103746674375,-0.489264
-0.00103641674375,-0.489264
-0.00103536674375,-0.489264
-0.00103431674375,-0.489264
-0.00103326674375,-0.506148
-0.00103221674375,-0.506148
-0.00103116674375,-0.506148
-0.00103011674375,-0.506148
-0.00102906674375,-0.506148
-0.00102801674375,-0.523033
-0.00102696674375,-0.523033
-0.00102591674375,-0.523033
-0.00102486674375,-0.539917
-0.00102381674375,-0.523033
-0.00102276674375,-0.539917
-0.00102171674375,-0.539917
-0.00102066674375,-0.539917
-0.00101961674375,-0.539917
-0.00101856674375,-0.539917
-0.00101751674375,-0.539917
-0.00101646674375,-0.556801
-0.00101541674375,-0.539917
-0.00101436674375,-0.556801
-0.00101331674375,-0.539917
-0.00101226674375,-0.556801
-0.00101121674375,-0.556801
-0.00101016674375,-0.539917
-0.00100911674375,-0.556801
-0.00100806674375,-0.556801
-0.00100701674375,-0.556801
-0.00100596674375,-0.573686
-0.00100491674375,-0.573686
-0.00100386674375,-0.59057
-0.00100281674375,-0.59057
-0.00100176674375,-0.573686
-0.00100071674375,-0.59057
-0.00099966674375,-0.59057
-0.00099861674375,-0.59057
-0.00099756674375,-0.59057
-0.00099651674375,-0.59057
-0.00099546674375,-0.607455
-0.00099441674375,-0.607455
-0.00099336674375,-0.607455
-0.00099231674375,-0.607455
-0.00099126674375,-0.607455
-0.00099021674375,-0.624339
-0.00098916674375,-0.607455
-0.00098811674375,-0.607455
-0.00098706674375,-0.607455
-0.00098601674375,-0.607455
-0.00098496674375,-0.624339
-0.00098391674375,-0.624339
-0.00098286674375,-0.624339
-0.00098181674375,-0.624339
-0.00098076674375,-0.624339
-0.00097971674375,-0.624339
-0.00097866674375,-0.641224
-0.00097761674375,-0.641224
-0.00097656674375,-0.641224
-0.00097551674375,-0.641224
-0.00097446674375,-0.658108
-0.00097341674375,-0.658108
-0.00097236674375,-0.658108
-0.00097131674375,-0.658108
-0.00097026674375,-0.658108
-0.00096921674375,-0.658108
-0.00096816674375,-0.658108
-0.00096711674375,-0.674992
-0.00096606674375,-0.674992
-0.00096501674375,-0.674992
-0.00096396674375,-0.674992
-0.00096291674375,-0.674992
-0.00096186674375,-0.674992
-0.00096081674375,-0.674992
-0.00095976674375,-0.674992
-0.00095871674375,-0.691877
-0.00095766674375,-0.691877
-0.00095661674375,-0.691877
-0.00095556674375,-0.691877
-0.00095451674375,-0.691877
-0.00095346674375,-0.708761
-0.00095241674375,-0.691877
-0.00095136674375,-0.691877
-0.00095031674375,-0.708761
-0.00094926674375,-0.708761
-0.00094821674375,-0.708761
-0.00094716674375,-0.708761
-0.00094611674375,-0.708761
-0.00094506674375,-0.708761
-0.00094401674375,-0.708761
-0.00094296674375,-0.708761
-0.00094191674375,-0.725646
-0.00094086674375,-0.725646
-0.00093981674375,-0.725646
-0.00093876674375,-0.725646
-0.00093771674375,-0.725646
-0.00093666674375,-0.725646
-0.00093561674375,-0.725646
-0.00093456674375,-0.74253
-0.00093351674375,-0.74253
-0.00093246674375,-0.74253
-0.00093141674375,-0.74253
-0.00093036674375,-0.74253
-0.00092931674375,-0.74253
-0.00092826674375,-0.759415
-0.00092721674375,-0.759415
-0.00092616674375,-0.74253
-0.00092511674375,-0.74253
-0.00092406674375,-0.759415
-0.00092301674375,-0.759415
-0.00092196674375,-0.759415
-0.00092091674375,-0.759415
-0.00091986674375,-0.759415
-0.00091881674375,-0.759415
-0.00091776674375,-0.776299
-0.00091671674375,-0.759415
-0.00091566674375,-0.776299
-0.00091461674375,-0.776299
-0.00091356674375,-0.759415
-0.00091251674375,-0.776299
-0.00091146674375,-0.776299
-0.00091041674375,-0.793183
-0.00090936674375,-0.793183
-0.00090831674375,-0.793183
-0.00090726674375,-0.793183
-0.00090621674375,-0.793183
-0.00090516674375,-0.793183
-0.00090411674375,-0.810068
-0.00090306674375,-0.810068
-0.00090201674375,-0.810068
-0.00090096674375,-0.793183
-0.00089991674375,-0.810068
-0.00089886674375,-0.810068
-0.00089781674375,-0.826952
-0.00089676674375,-0.810068
-0.00089571674375,-0.810068
-0.00089466674375,-0.810068
-0.00089361674375,-0.826952
-0.00089256674375,-0.810068
-0.00089151674375,-0.810068
-0.00089046674375,-0.826952
-0.00088941674375,-0.826952
-0.00088836674375,-0.826952
-0.00088731674375,-0.826952
-0.00088626674375,-0.826952
-0.00088521674375,-0.826952
-0.00088416674375,-0.826952
-0.00088311674375,-0.826952
-0.00088206674375,-0.843837
-0.00088101674375,-0.826952
-0.00087996674375,-0.843837
-0.00087891674375,-0.843837
-0.00087786674375,-0.843837
-0.00087681674375,-0.860721
-0.00087576674375,-0.843837
-0.00087471674375,-0.860721
-0.00087366674375,-0.860721
-0.00087261674375,-0.860721
-0.00087156674375,-0.860721
-0.00087051674375,-0.860721
-0.00086946674375,-0.860721
-0.00086841674375,-0.860721
-0.00086736674375,-0.860721
-0.00086631674375,-0.860721
-0.00086526674375,-0.860721
-0.00086421674375,-0.860721
-0.00086316674375,-0.860721
-0.00086211674375,-0.877605
-0.00086106674375,-0.877605
-0.00086001674375,-0.877605
-0.00085896674375,-0.877605
-0.00085791674375,-0.877605
-0.00085686674375,-0.89449
-0.00085581674375,-0.877605
-0.00085476674375,-0.877605
-0.00085371674375,-0.89449
-0.00085266674375,-0.89449
-0.00085161674375,-0.89449
-0.00085056674375,-0.89449
-0.00084951674375,-0.89449
-0.00084846674375,-0.89449
-0.00084741674375,-0.89449
-0.00084636674375,-0.89449
-0.00084531674375,-0.89449
-0.00084426674375,-0.911374
-0.00084321674375,-0.89449
-0.00084216674375,-0.911374
-0.00084111674375,-0.911374
-0.00084006674375,-0.911374
-0.00083901674375,-0.911374
-0.00083796674375,-0.911374
-0.00083691674375,-0.911374
-0.00083586674375,-0.928259
-0.00083481674375,-0.911374
-0.00083376674375,-0.928259
-0.00083271674375,-0.928259
-0.00083166674375,-0.928259
-0.00083061674375,-0.928259
-0.00082956674375,-0.928259
-0.00082851674375,-0.928259
-0.00082746674375,-0.928259
-0.00082641674375,-0.928259
-0.00082536674375,-0.928259
-0.00082431674375,-0.928259
-0.00082326674375,-0.928259
-0.00082221674375,-0.928259
-0.00082116674375,-0.945143
-0.00082011674375,-0.945143
-0.00081906674375,-0.945143
-0.00081801674375,-0.945143
-0.00081696674375,-0.945143
-0.00081591674375,-0.945143
-0.00081486674375,-0.945143
-0.00081381674375,-0.945143
-0.00081276674375,-0.945143
-0.00081171674375,-0.962028
-0.00081066674375,-0.962028
-0.00080961674375,-0.962028
-0.00080856674375,-0.962028
-0.00080751674375,-0.978912
-0.00080646674375,-0.978912
-0.00080541674375,-0.962028
-0.00080436674375,-0.962028
-0.00080331674375,-0.962028
-0.00080226674375,-0.962028
-0.00080121674375,-0.962028
-0.00080016674375,-0.978912
-0.00079911674375,-0.978912
-0.00079806674375,-0.978912
-0.00079701674375,-0.978912
-0.00079596674375,-0.962028
-0.00079491674375,-0.978912
-0.00079386674375,-0.978912
-0.00079281674375,-0.978912
-0.00079176674375,-0.978912
-0.00079071674375,-0.978912
-0.00078966674375,-0.978912
-0.00078861674375,-0.995796
-0.00078756674375,-0.995796
-0.00078651674375,-0.995796
-0.00078546674375,-0.995796
-0.00078441674375,-0.995796
-0.00078336674375,-0.995796
-0.00078231674375,-0.995796
-0.00078126674375,-0.995796
-0.00078021674375,-0.995796
-0.00077916674375,-0.995796
-0.00077811674375,-0.995796
-0.00077706674375,-0.995796
-0.00077601674375,-0.995796
-0.00077496674375,-0.995796
-0.00077391674375,-0.995796
-0.00077286674375,-1.01268
-0.00077181674375,-1.01268
-0.00077076674375,-1.01268
-0.00076971674375,-1.01268
-0.00076866674375,-1.01268
-0.00076761674375,-1.01268
-0.00076656674375,-0.995796
-0.00076551674375,-1.01268
-0.00076446674375,-1.02957
-0.00076341674375,-1.01268
-0.00076236674375,-1.02957
-0.00076131674375,-1.02957
-0.00076026674375,-1.02957
-0.00075921674375,-1.02957
-0.00075816674375,-1.02957
-0.00075711674375,-1.02957
-0.00075606674375,-1.02957
-0.00075501674375,-1.02957
-0.00075396674375,-1.02957
-0.00075291674375,-1.02957
-0.00075186674375,-1.02957
-0.00075081674375,-1.02957
-0.00074976674375,-1.02957
-0.00074871674375,-1.02957
-0.00074766674375,-1.02957
-0.00074661674375,-1.02957
-0.00074556674375,-1.04645
-0.00074451674375,-1.02957
-0.00074346674375,-1.02957
-0.00074241674375,-1.02957
-0.00074136674375,-1.04645
-0.00074031674375,-1.04645
-0.00073926674375,-1.04645
-0.00073821674375,-1.04645
-0.00073716674375,-1.04645
-0.00073611674375,-1.04645
-0.00073506674375,-1.04645
-0.00073401674375,-1.06333
-0.00073296674375,-1.04645
-0.00073191674375,-1.04645
-0.00073086674375,-1.04645
-0.00072981674375,-1.04645
-0.00072876674375,-1.04645
-0.00072771674375,-1.04645
-0.00072666674375,-1.04645
-0.00072561674375,-1.04645
-0.00072456674375,-1.06333
-0.00072351674375,-1.06333
-0.00072246674375,-1.06333
-0.00072141674375,-1.06333
-0.00072036674375,-1.06333
-0.00071931674375,-1.06333
-0.00071826674375,-1.06333
-0.00071721674375,-1.06333
-0.00071616674375,-1.08022
-0.00071511674375,-1.06333
-0.00071406674375,-1.06333
-0.00071301674375,-1.06333
-0.00071196674375,-1.08022
-0.00071091674375,-1.06333
-0.00070986674375,-1.06333
-0.00070881674375,-1.06333
-0.00070776674375,-1.06333
-0.00070671674375,-1.08022
-0.00070566674375,-1.06333
-0.00070461674375,-1.06333
-0.00070356674375,-1.08022
-0.00070251674375,-1.08022
-0.00070146674375,-1.06333
-0.00070041674375,-1.08022
-0.00069936674375,-1.06333
-0.00069831674375,-1.08022
-0.00069726674375,-1.08022
-0.00069621674375,-1.08022
-0.00069516674375,-1.08022
-0.00069411674375,-1.08022
-0.00069306674375,-1.0971
-0.00069201674375,-1.0971
-0.00069096674375,-1.08022
-0.00068991674375,-1.08022
-0.00068886674375,-1.08022
-0.00068781674375,-1.08022
-0.00068676674375,-1.08022
-0.00068571674375,-1.08022
-0.00068466674375,-1.08022
-0.00068361674375,-1.08022
-0.00068256674375,-1.08022
-0.00068151674375,-1.0971
-0.00068046674375,-1.08022
-0.00067941674375,-1.08022
-0.00067836674375,-1.0971
-0.00067731674375,-1.08022
-0.00067626674375,-1.08022
-0.00067521674375,-1.0971
-0.00067416674375,-1.0971
-0.00067311674375,-1.0971
-0.00067206674375,-1.0971
-0.00067101674375,-1.0971
-0.00066996674375,-1.0971
-0.00066891674375,-1.0971
-0.00066786674375,-1.0971
-0.00066681674375,-1.0971
-0.00066576674375,-1.0971
-0.00066471674375,-1.0971
-0.00066366674375,-1.0971
-0.00066261674375,-1.0971
-0.00066156674375,-1.0971
-0.00066051674375,-1.0971
-0.00065946674375,-1.0971
-0.00065841674375,-1.0971
-0.00065736674375,-1.0971
-0.00065631674375,-1.0971
-0.00065526674375,-1.11399
-0.00065421674375,-1.0971
-0.00065316674375,-1.0971
-0.00065211674375,-1.0971
-0.00065106674375,-1.0971
-0.00065001674375,-1.0971
-0.00064896674375,-1.0971
-0.00064791674375,-1.0971
-0.00064686674375,-1.11399
-0.00064581674375,-1.11399
-0.00064476674375,-1.11399
-0.00064371674375,-1.0971
-0.00064266674375,-1.11399
-0.00064161674375,-1.0971
-0.00064056674375,-1.0971
-0.00063951674375,-1.0971
-0.00063846674375,-1.0971
-0.00063741674375,-1.0971
-0.00063636674375,-1.0971
-0.00063531674375,-1.0971
-0.00063426674375,-1.0971
-0.00063321674375,-1.0971
-0.00063216674375,-1.0971
-0.00063111674375,-1.11399
-0.00063006674375,-1.0971
-0.00062901674375,-1.0971
-0.00062796674375,-1.0971
-0.00062691674375,-1.11399
-0.00062586674375,-1.11399
-0.00062481674375,-1.11399
-0.00062376674375,-1.11399
-0.00062271674375,-1.11399
-0.00062166674375,-1.11399
-0.00062061674375,-1.11399
-0.00061956674375,-1.11399
-0.00061851674375,-1.11399
-0.00061746674375,-1.11399
-0.00061641674375,-1.11399
-0.00061536674375,-1.11399
-0.00061431674375,-1.11399
-0.00061326674375,-1.11399
-0.00061221674375,-1.11399
-0.00061116674375,-1.11399
-0.00061011674375,-1.11399
-0.00060906674375,-1.11399
-0.00060801674375,-1.0971
-0.00060696674375,-1.11399
-0.00060591674375,-1.11399
-0.00060486674375,-1.11399
-0.00060381674375,-1.11399
-0.00060276674375,-1.11399
-0.00060171674375,-1.0971
-0.00060066674375,-1.11399
-0.00059961674375,-1.11399
-0.00059856674375,-1.11399
-0.00059751674375,-1.11399
-0.00059646674375,-1.13087
-0.00059541674375,-1.11399
-0.00059436674375,-1.11399
-0.00059331674375,-1.11399
-0.00059226674375,-1.0971
-0.00059121674375,-1.0971
-0.00059016674375,-1.0971
-0.00058911674375,-1.11399
-0.00058806674375,-1.11399
-0.00058701674375,-1.0971
-0.00058596674375,-1.11399
-0.00058491674375,-1.0971
-0.00058386674375,-1.11399
-0.00058281674375,-1.11399
-0.00058176674375,-1.0971
-0.00058071674375,-1.11399
-0.00057966674375,-1.11399
-0.00057861674375,-1.0971
-0.00057756674375,-1.0971
-0.00057651674375,-1.11399
-0.00057546674375,-1.11399
-0.00057441674375,-1.0971
-0.00057336674375,-1.0971
-0.00057231674375,-1.11399
-0.00057126674375,-1.11399
-0.00057021674375,-1.0971
-0.00056916674375,-1.0971
-0.00056811674375,-1.0971
-0.00056706674375,-1.0971
-0.00056601674375,-1.0971
-0.00056496674375,-1.0971
-0.00056391674375,-1.0971
-0.00056286674375,-1.11399
-0.00056181674375,-1.0971
-0.00056076674375,-1.0971
-0.00055971674375,-1.0971
-0.00055866674375,-1.0971
-0.00055761674375,-1.0971
-0.00055656674375,-1.0971
-0.00055551674375,-1.0971
-0.00055446674375,-1.0971
-0.00055341674375,-1.0971
-0.00055236674375,-1.11399
-0.00055131674375,-1.0971
-0.00055026674375,-1.0971
-0.00054921674375,-1.0971
-0.00054816674375,-1.0971
-0.00054711674375,-1.0971
-0.00054606674375,-1.0971
-0.00054501674375,-1.08022
-0.00054396674375,-1.0971
-0.00054291674375,-1.08022
-0.00054186674375,-1.0971
-0.00054081674375,-1.0971
-0.00053976674375,-1.08022
-0.00053871674375,-1.0971
-0.00053766674375,-1.08022
-0.00053661674375,-1.08022
-0.00053556674375,-1.08022
-0.00053451674375,-1.08022
-0.00053346674375,-1.0971
-0.00053241674375,-1.0971
-0.00053136674375,-1.0971
-0.00053031674375,-1.0971
-0.00052926674375,-1.0971
-0.00052821674375,-1.0971
-0.00052716674375,-1.0971
-0.00052611674375,-1.0971
-0.00052506674375,-1.08022
-0.00052401674375,-1.08022
-0.00052296674375,-1.08022
-0.00052191674375,-1.08022
-0.00052086674375,-1.08022
-0.00051981674375,-1.08022
-0.00051876674375,-1.08022
-0.00051771674375,-1.08022
-0.00051666674375,-1.08022
-0.00051561674375,-1.08022
-0.00051456674375,-1.08022
-0.00051351674375,-1.08022
-0.00051246674375,-1.08022
-0.00051141674375,-1.08022
-0.00051036674375,-1.06333
-0.00050931674375,-1.08022
-0.00050826674375,-1.08022
-0.00050721674375,-1.08022
-0.00050616674375,-1.08022
-0.00050511674375,-1.08022
-0.00050406674375,-1.08022
-0.00050301674375,-1.08022
-0.00050196674375,-1.08022
-0.00050091674375,-1.08022
-0.00049986674375,-1.08022
-0.00049881674375,-1.06333
-0.00049776674375,-1.06333
-0.00049671674375,-1.06333
-0.00049566674375,-1.06333
-0.00049461674375,-1.06333
-0.00049356674375,-1.06333
-0.00049251674375,-1.08022
-0.00049146674375,-1.06333
-0.00049041674375,-1.06333
-0.00048936674375,-1.06333
-0.00048831674375,-1.06333
-0.00048726674375,-1.06333
-0.00048621674375,-1.06333
-0.00048516674375,-1.06333
-0.00048411674375,-1.06333
-0.00048306674375,-1.06333
-0.00048201674375,-1.06333
-0.00048096674375,-1.06333
-0.00047991674375,-1.04645
-0.00047886674375,-1.04645
-0.00047781674375,-1.06333
-0.00047676674375,-1.06333
-0.00047571674375,-1.04645
-0.00047466674375,-1.04645
-0.00047361674375,-1.04645
-0.00047256674375,-1.04645
-0.00047151674375,-1.04645
-0.00047046674375,-1.04645
-0.00046941674375,-1.04645
-0.00046836674375,-1.04645
-0.00046731674375,-1.04645
-0.00046626674375,-1.02957
-0.00046521674375,-1.04645
-0.00046416674375,-1.04645
-0.00046311674375,-1.02957
-0.00046206674375,-1.02957
-0.00046101674375,-1.04645
-0.00045996674375,-1.04645
-0.00045891674375,-1.04645
-0.00045786674375,-1.02957
-0.00045681674375,-1.02957
-0.00045576674375,-1.02957
-0.00045471674375,-1.02957
-0.00045366674375,-1.02957
-0.00045261674375,-1.02957
-0.00045156674375,-1.01268
-0.00045051674375,-1.01268
-0.00044946674375,-1.01268
-0.00044841674375,-1.01268
-0.00044736674375,-1.01268
-0.00044631674375,-1.01268
-0.00044526674375,-1.01268
-0.00044421674375,-1.01268
-0.00044316674375,-1.02957
-0.00044211674375,-1.01268
-0.00044106674375,-1.01268
-0.00044001674375,-1.01268
-0.00043896674375,-1.01268
-0.00043791674375,-1.01268
-0.00043686674375,-1.01268
-0.00043581674375,-1.01268
-0.00043476674375,-1.01268
-0.00043371674375,-1.01268
-0.00043266674375,-1.01268
-0.00043161674375,-1.01268
-0.00043056674375,-1.01268
-0.00042951674375,-1.01268
-0.00042846674375,-0.995796
-0.00042741674375,-0.995796
-0.00042636674375,-0.995796
-0.00042531674375,-0.995796
-0.00042426674375,-0.995796
-0.00042321674375,-0.995796
-0.00042216674375,-0.995796
-0.00042111674375,-0.995796
-0.00042006674375,-0.978912
-0.00041901674375,-0.978912
-0.00041796674375,-0.978912
-0.00041691674375,-0.978912
-0.00041586674375,-0.995796
-0.00041481674375,-0.978912
-0.00041376674375,-0.995796
-0.00041271674375,-0.978912
-0.00041166674375,-0.978912
-0.00041061674375,-0.978912
-0.00040956674375,-0.978912
-0.00040851674375,-0.978912
-0.00040746674375,-0.978912
-0.00040641674375,-0.978912
-0.00040536674375,-0.978912
-0.00040431674375,-0.962028
-0.00040326674375,-0.962028
-0.00040221674375,-0.962028
-0.00040116674375,-0.962028
-0.00040011674375,-0.962028
-0.00039906674375,-0.962028
-0.00039801674375,-0.962028
-0.00039696674375,-0.962028
-0.00039591674375,-0.962028
-0.00039486674375,-0.962028
-0.00039381674375,-0.962028
-0.00039276674375,-0.945143
-0.00039171674375,-0.962028
-0.00039066674375,-0.945143
-0.00038961674375,-0.945143
-0.00038856674375,-0.945143
-0.00038751674375,-0.945143
-0.00038646674375,-0.945143
-0.00038541674375,-0.928259
-0.00038436674375,-0.945143
-0.00038331674375,-0.928259
-0.00038226674375,-0.928259
-0.00038121674375,-0.928259
-0.00038016674375,-0.928259
-0.00037911674375,-0.928259
-0.00037806674375,-0.928259
-0.00037701674375,-0.928259
-0.00037596674375,-0.928259
-0.00037491674375,-0.928259
-0.00037386674375,-0.928259
-0.00037281674375,-0.928259
-0.00037176674375,-0.911374
-0.00037071674375,-0.928259
-0.00036966674375,-0.911374
-0.00036861674375,-0.911374
-0.00036756674375,-0.928259
-0.00036651674375,-0.928259
-0.00036546674375,-0.89449
-0.00036441674375,-0.911374
-0.00036336674375,-0.911374
-0.00036231674375,-0.911374
-0.00036126674375,-0.911374
-0.00036021674375,-0.89449
-0.00035916674375,-0.89449
-0.00035811674375,-0.89449
-0.00035706674375,-0.877605
-0.00035601674375,-0.89449
-0.00035496674375,-0.877605
-0.00035391674375,-0.877605
-0.00035286674375,-0.89449
-0.00035181674375,-0.877605
-0.00035076674375,-0.877605
-0.00034971674375,-0.89449
-0.00034866674375,-0.877605
-0.00034761674375,-0.877605
-0.00034656674375,-0.877605
-0.00034551674375,-0.877605
-0.00034446674375,-0.877605
-0.00034341674375,-0.877605
-0.00034236674375,-0.877605
-0.00034131674375,-0.877605
-0.00034026674375,-0.877605
-0.00033921674375,-0.877605
-0.00033816674375,-0.860721
-0.00033711674375,-0.860721
-0.00033606674375,-0.860721
-0.00033501674375,-0.843837
-0.00033396674375,-0.860721
-0.00033291674375,-0.860721
-0.00033186674375,-0.843837
-0.00033081674375,-0.843837
-0.00032976674375,-0.843837
-0.00032871674375,-0.843837
-0.00032766674375,-0.843837
-0.00032661674375,-0.843837
-0.00032556674375,-0.843837
-0.00032451674375,-0.843837
-0.00032346674375,-0.826952
-0.00032241674375,-0.826952
-0.00032136674375,-0.826952
-0.00032031674375,-0.843837
-0.00031926674375,-0.826952
-0.00031821674375,-0.826952
-0.00031716674375,-0.826952
-0.00031611674375,-0.826952
-0.00031506674375,-0.826952
-0.00031401674375,-0.810068
-0.00031296674375,-0.826952
-0.00031191674375,-0.810068
-0.00031086674375,-0.810068
-0.00030981674375,-0.810068
-0.00030876674375,-0.810068
-0.00030771674375,-0.810068
-0.00030666674375,-0.810068
-0.00030561674375,-0.793183
-0.00030456674375,-0.810068
-0.00030351674375,-0.810068
-0.00030246674375,-0.793183
-0.00030141674375,-0.793183
-0.00030036674375,-0.793183
-0.00029931674375,-0.793183
-0.00029826674375,-0.793183
-0.00029721674375,-0.793183
-0.00029616674375,-0.776299
-0.00029511674375,-0.776299
-0.00029406674375,-0.776299
-0.00029301674375,-0.776299
-0.00029196674375,-0.776299
-0.00029091674375,-0.776299
-0.00028986674375,-0.776299
-0.00028881674375,-0.776299
-0.00028776674375,-0.759415
-0.00028671674375,-0.776299
-0.00028566674375,-0.759415
-0.00028461674375,-0.759415
-0.00028356674375,-0.759415
-0.00028251674375,-0.759415
-0.00028146674375,-0.74253
-0.00028041674375,-0.759415
-0.00027936674375,-0.759415
-0.00027831674375,-0.759415
-0.00027726674375,-0.74253
-0.00027621674375,-0.74253
-0.00027516674375,-0.74253
-0.00027411674375,-0.74253
-0.00027306674375,-0.74253
-0.00027201674375,-0.725646
-0.00027096674375,-0.74253
-0.00026991674375,-0.725646
-0.00026886674375,-0.725646
-0.00026781674375,-0.725646
-0.00026676674375,-0.725646
-0.00026571674375,-0.708761
-0.00026466674375,-0.708761
-0.00026361674375,-0.708761
-0.00026256674375,-0.708761
-0.00026151674375,-0.708761
-0.00026046674375,-0.691877
-0.00025941674375,-0.691877
-0.00025836674375,-0.708761
-0.00025731674375,-0.708761
-0.00025626674375,-0.691877
-0.00025521674375,-0.691877
-0.00025416674375,-0.691877
-0.00025311674375,-0.691877
-0.00025206674375,-0.691877
-0.00025101674375,-0.708761
-0.00024996674375,-0.674992
-0.00024891674375,-0.691877
-0.00024786674375,-0.691877
-0.00024681674375,-0.691877
-0.00024576674375,-0.691877
-0.00024471674375,-0.674992
-0.00024366674375,-0.674992
-0.00024261674375,-0.674992
-0.00024156674375,-0.674992
-0.00024051674375,-0.658108
-0.00023946674375,-0.658108
-0.00023841674375,-0.658108
-0.00023736674375,-0.658108
-0.00023631674375,-0.658108
-0.00023526674375,-0.658108
-0.00023421674375,-0.658108
-0.00023316674375,-0.641224
-0.00023211674375,-0.641224
-0.00023106674375,-0.641224
-0.00023001674375,-0.624339
-0.00022896674375,-0.641224
-0.00022791674375,-0.641224
-0.00022686674375,-0.624339
-0.00022581674375,-0.641224
-0.00022476674375,-0.641224
-0.00022371674375,-0.624339
-0.00022266674375,-0.624339
-0.00022161674375,-0.624339
-0.00022056674375,-0.624339
-0.00021951674375,-0.624339
-0.00021846674375,-0.607455
-0.00021741674375,-0.607455
-0.00021636674375,-0.607455
-0.00021531674375,-0.607455
-0.00021426674375,-0.59057
-0.00021321674375,-0.607455
-0.00021216674375,-0.59057
-0.00021111674375,-0.59057
-0.00021006674375,-0.59057
-0.00020901674375,-0.59057
-0.00020796674375,-0.59057
-0.00020691674375,-0.59057
-0.00020586674375,-0.573686
-0.00020481674375,-0.59057
-0.00020376674375,-0.573686
-0.00020271674375,-0.573686
-0.00020166674375,-0.573686
-0.00020061674375,-0.573686
-0.00019956674375,-0.573686
-0.00019851674375,-0.573686
-0.00019746674375,-0.556801
-0.00019641674375,-0.556801
-0.00019536674375,-0.556801
-0.00019431674375,-0.539917
-0.00019326674375,-0.556801
-0.00019221674375,-0.556801
-0.00019116674375,-0.556801
-0.00019011674375,-0.539917
-0.00018906674375,-0.539917
-0.00018801674375,-0.539917
-0.00018696674375,-0.539917
-0.00018591674375,-0.523033
-0.00018486674375,-0.539917
-0.00018381674375,-0.523033
-0.00018276674375,-0.523033
-0.00018171674375,-0.523033
-0.00018066674375,-0.506148
-0.00017961674375,-0.523033
-0.00017856674375,-0.506148
-0.00017751674375,-0.523033
-0.00017646674375,-0.506148
-0.00017541674375,-0.506148
-0.00017436674375,-0.506148
-0.00017331674375,-0.489264
-0.00017226674375,-0.489264
-0.00017121674375,-0.489264
-0.00017016674375,-0.489264
-0.00016911674375,-0.489264
-0.00016806674375,-0.489264
-0.00016701674375,-0.472379
-0.00016596674375,-0.472379
-0.00016491674375,-0.472379
-0.00016386674375,-0.472379
-0.00016281674375,-0.472379
-0.00016176674375,-0.472379
-0.00016071674375,-0.472379
-0.00015966674375,-0.472379
-0.00015861674375,-0.455495
-0.00015756674375,-0.472379
-0.00015651674375,-0.472379
-0.00015546674375,-0.472379
-0.00015441674375,-0.455495
-0.00015336674375,-0.455495
-0.00015231674375,-0.455495
-0.00015126674375,-0.438611
-0.00015021674375,-0.438611
-0.00014916674375,-0.438611
-0.00014811674375,-0.438611
-0.00014706674375,-0.438611
-0.00014601674375,-0.438611
-0.00014496674375,-0.421726
-0.00014391674375,-0.421726
-0.00014286674375,-0.421726
-0.00014181674375,-0.404842
-0.00014076674375,-0.404842
-0.00013971674375,-0.404842
-0.00013866674375,-0.404842
-0.00013761674375,-0.404842
-0.00013656674375,-0.404842
-0.00013551674375,-0.438611
-0.00013446674375,-0.404842
-0.00013341674375,-0.404842
-0.00013236674375,-0.404842
-0.00013131674375,-0.387957
-0.00013026674375,-0.387957
-0.00012921674375,-0.387957
-0.00012816674375,-0.387957
-0.00012711674375,-0.371073
-0.00012606674375,-0.371073
-0.00012501674375,-0.387957
-0.00012396674375,-0.371073
-0.00012291674375,-0.371073
-0.00012186674375,-0.371073
-0.00012081674375,-0.371073
-0.00011976674375,-0.354188
-0.00011871674375,-0.354188
-0.00011766674375,-0.371073
-0.00011661674375,-0.354188
-0.00011556674375,-0.337304
-0.00011451674375,-0.337304
-0.00011346674375,-0.354188
-0.00011241674375,-0.354188
-0.00011136674375,-0.354188
-0.00011031674375,-0.337304
-0.00010926674375,-0.337304
-0.00010821674375,-0.337304
-0.00010716674375,-0.32042
-0.00010611674375,-0.32042
-0.00010506674375,-0.32042
-0.00010401674375,-0.32042
-0.00010296674375,-0.32042
-0.00010191674375,-0.32042
-0.00010086674375,-0.303535
-9.981674375E-05,-0.303535
-9.876674375E-05,-0.303535
-9.771674375E-05,-0.303535
-9.666674375E-05,-0.303535
-9.561674375E-05,-0.303535
-9.456674375E-05,-0.286651
-9.351674375E-05,-0.286651
-9.246674375E-05,-0.286651
-9.141674375E-05,-0.269766
-9.036674375E-05,-0.286651
-8.931674375E-05,-0.286651
-8.826674375E-05,-0.286651
-8.721674375E-05,-0.269766
-8.616674375E-05,-0.286651
-8.511674375E-05,-0.269766
-8.406674375E-05,-0.269766
-8.301674375E-05,-0.269766
-8.196674375E-05,-0.252882
-8.091674375E-05,-0.252882
-7.986674375E-05,-0.235997
-7.881674375E-05,-0.252882
-7.776674375E-05,-0.252882
-7.671674375E-05,-0.235997
-7.566674375E-05,-0.235997
-7.461674375E-05,-0.235997
-7.356674375E-05,-0.219113
-7.251674375E-05,-0.219113
-7.146674375E-05,-0.219113
-7.041674375E-05,-0.219113
-6.936674375E-05,-0.219113
-6.831674375E-05,-0.235997
-6.726674375E-05,-0.219113
-6.621674375E-05,-0.202229
-6.516674375E-05,-0.219113
-6.411674375E-05,-0.202229
-6.306674375E-05,-0.219113
-6.201674375E-05,-0.219113
-6.096674375E-05,-0.202229
-5.991674375E-05,-0.202229
-5.886674375E-05,-0.185344
-5.781674375E-05,-0.185344
-5.676674375E-05,-0.202229
-5.571674375E-05,-0.185344
-5.466674375E-05,-0.185344
-5.361674375E-05,-0.16846
-5.256674375E-05,-0.16846
-5.151674375E-05,-0.16846
-5.046674375E-05,-0.16846
-4.941674375E-05,-0.16846
-4.836674375E-05,-0.151575
-4.731674375E-05,-0.151575
-4.626674375E-05,-0.151575
-4.521674375E-05,-0.151575
-4.416674375E-05,-0.151575
-4.311674375E-05,-0.151575
-4.206674375E-05,-0.151575
-4.101674375E-05,-0.151575
-3.996674375E-05,-0.134691
-3.891674375E-05,-0.134691
-3.786674375E-05,-0.134691
-3.681674375E-05,-0.134691
-3.576674375E-05,-0.134691
-3.471674375E-05,-0.134691
-3.366674375E-05,-0.117807
-3.261674375E-05,-0.117807
-3.156674375E-05,-0.117807
-3.051674375E-05,-0.117807
-2.946674375E-05,-0.100922
-2.841674375E-05,-0.100922
-2.736674375E-05,-0.100922
-2.631674375E-05,-0.100922
-2.526674375E-05,-0.100922
-2.421674375E-05,-0.0840377
-2.316674375E-05,-0.0840377
-2.211674375E-05,-0.100922
-2.106674375E-05,-0.0840377
-2.001674375E-05,-0.0840377
-1.896674375E-05,-0.0840377
-1.791674375E-05,-0.0840377
-1.686674375E-05,-0.0840377
-1.581674375E-05,-0.0671533
-1.476674375E-05,-0.0671533
-1.371674375E-05,-0.0671533
-1.266674375E-05,-0.0671533
-1.161674375E-05,-0.0502688
-1.056674375E-05,-0.0671533
-9.51674375E-06,-0.0502688
-8.46674375E-06,-0.0671533
-7.41674375E-06,-0.0502688
-6.36674375E-06,-0.0502688
-5.31674375E-06,-0.0333844
-4.26674375E-06,-0.0333844
-3.21674375E-06,-0.0333844
-2.16674375E-06,-0.0333844
-1.11674375E-06,-0.0333844
-6.67437499999E-08,-0.0333844
9.8325625E-07,-0.0333844
2.03325625E-06,-0.0165
3.08325625E-06,-0.0333844
4.13325625E-06,-0.0165
5.18325625E-06,-0.0165
6.23325625E-06,-0.0165
7.28325625E-06,-0.0165
8.33325625E-06,-0.0165
9.38325625E-06,0.000384422
1.043325625E-05,-0.0165
1.148325625E-05,-0.0165
1.253325625E-05,0.0172688
1.358325625E-05,0.000384422
1.463325625E-05,0.0172688
1.568325625E-05,0.0172688
1.673325625E-05,0.0172688
1.778325625E-05,0.0172688
1.883325625E-05,0.0341533
1.988325625E-05,0.0172688
2.093325625E-05,0.0341533
2.198325625E-05,0.0341533
2.303325625E-05,0.0341533
2.408325625E-05,0.0510377
2.513325625E-05,0.0341533
2.618325625E-05,0.0510377
2.723325625E-05,0.0510377
2.828325625E-05,0.0510377
2.933325625E-05,0.0341533
3.038325625E-05,0.0510377
3.143325625E-05,0.0510377
3.248325625E-05,0.0510377
3.353325625E-05,0.0679221
3.458325625E-05,0.0679221
3.563325625E-05,0.0679221
3.668325625E-05,0.0510377
3.773325625E-05,0.0848065
3.878325625E-05,0.0679221
3.983325625E-05,0.0848065
4.088325625E-05,0.0848065
4.193325625E-05,0.101691
4.298325625E-05,0.101691
4.403325625E-05,0.0848065
4.508325625E-05,0.0848065
4.613325625E-05,0.101691
4.718325625E-05,0.118575
4.823325625E-05,0.101691
4.928325625E-05,0.101691
5.033325625E-05,0.118575
5.138325625E-05,0.101691
5.243325625E-05,0.101691
5.348325625E-05,0.118575
5.453325625E-05,0.118575
5.558325625E-05,0.118575
5.663325625E-05,0.118575
5.768325625E-05,0.13546
5.873325625E-05,0.13546
5.978325625E-05,0.13546
6.083325625E-05,0.13546
6.188325625E-05,0.13546
6.293325625E-05,0.152344
6.398325625E-05,0.152344
6.503325625E-05,0.152344
6.608325625E-05,0.152344
6.713325625E-05,0.152344
6.818325625E-05,0.152344
6.923325625E-05,0.169229
7.028325625E-05,0.169229
7.133325625E-05,0.169229
7.238325625E-05,0.186113
7.343325625E-05,0.169229
7.448325625E-05,0.169229
7.553325625E-05,0.186113
7.658325625E-05,0.186113
7.763325625E-05,0.186113
7.868325625E-05,0.186113
7.973325625E-05,0.202997
8.078325625E-05,0.202997
8.183325625E-05,0.202997
8.288325625E-05,0.202997
8.393325625E-05,0.202997
8.498325625E-05,0.202997
8.603325625E-05,0.219882
8.708325625E-05,0.202997
8.813325625E-05,0.219882
8.918325625E-05,0.219882
9.023325625E-05,0.219882
9.128325625E-05,0.219882
9.233325625E-05,0.236766
9.338325625E-05,0.219882
9.443325625E-05,0.219882
9.548325625E-05,0.236766
9.653325625E-05,0.236766
9.758325625E-05,0.236766
9.863325625E-05,0.236766
9.968325625E-05,0.236766
0.00010073325625,0.236766
0.00010178325625,0.236766
0.00010283325625,0.253651
0.00010388325625,0.253651
0.00010493325625,0.253651
0.00010598325625,0.270535
0.00010703325625,0.270535
0.00010808325625,0.270535
0.00010913325625,0.270535
0.00011018325625,0.270535
0.00011123325625,0.28742
0.00011228325625,0.270535
0.00011333325625,0.28742
0.00011438325625,0.28742
0.00011543325625,0.304304
0.00011648325625,0.28742
0.00011753325625,0.304304
0.00011858325625,0.28742
0.00011963325625,0.304304
0.00012068325625,0.304304
0.00012173325625,0.304304
0.00012278325625,0.304304
0.00012383325625,0.304304
0.00012488325625,0.304304
0.00012593325625,0.321188
0.00012698325625,0.321188
0.00012803325625,0.321188
0.00012908325625,0.321188
0.00013013325625,0.321188
0.00013118325625,0.321188
0.00013223325625,0.338073
0.00013328325625,0.338073
0.00013433325625,0.354957
0.00013538325625,0.338073
0.00013643325625,0.354957
0.00013748325625,0.354957
0.00013853325625,0.354957
0.00013958325625,0.354957
0.00014063325625,0.371842
0.00014168325625,0.354957
0.00014273325625,0.371842
0.00014378325625,0.371842
0.00014483325625,0.371842
0.00014588325625,0.388726
0.00014693325625,0.371842
0.00014798325625,0.371842
0.00014903325625,0.388726
0.00015008325625,0.388726
0.00015113325625,0.371842
0.00015218325625,0.388726
0.00015323325625,0.388726
0.00015428325625,0.388726
0.00015533325625,0.405611
0.00015638325625,0.405611
0.00015743325625,0.405611
0.00015848325625,0.405611
0.00015953325625,0.405611
0.00016058325625,0.405611
0.00016163325625,0.422495
0.00016268325625,0.422495
0.00016373325625,0.422495
0.00016478325625,0.422495
0.00016583325625,0.422495
0.00016688325625,0.422495
0.00016793325625,0.422495
0.00016898325625,0.422495
0.00017003325625,0.439379
0.00017108325625,0.439379
0.00017213325625,0.439379
0.00017318325625,0.439379
0.00017423325625,0.439379
0.00017528325625,0.456264
0.00017633325625,0.456264
0.00017738325625,0.456264
0.00017843325625,0.456264
0.00017948325625,0.456264
0.00018053325625,0.456264
0.00018158325625,0.456264
0.00018263325625,0.456264
0.00018368325625,0.473148
0.00018473325625,0.473148
0.00018578325625,0.473148
0.00018683325625,0.473148
0.00018788325625,0.473148
0.00018893325625,0.473148
0.00018998325625,0.473148
0.00019103325625,0.506917
0.00019208325625,0.490033
0.00019313325625,0.490033
0.00019418325625,0.490033
0.00019523325625,0.490033
0.00019628325625,0.506917
0.00019733325625,0.506917
0.00019838325625,0.506917
0.00019943325625,0.506917
0.00020048325625,0.523802
0.00020153325625,0.506917
0.00020258325625,0.523802
0.00020363325625,0.540686
0.00020468325625,0.523802
0.00020573325625,0.523802
0.00020678325625,0.523802
0.00020783325625,0.523802
0.00020888325625,0.540686
0.00020993325625,0.540686
0.00021098325625,0.540686
0.00021203325625,0.540686
0.00021308325625,0.540686
0.00021413325625,0.540686
0.00021518325625,0.540686
0.00021623325625,0.55757
0.00021728325625,0.55757
0.00021833325625,0.55757
0.00021938325625,0.55757
0.00022043325625,0.55757
0.00022148325625,0.55757
0.00022253325625,0.574455
0.00022358325625,0.574455
0.00022463325625,0.574455
0.00022568325625,0.574455
0.00022673325625,0.574455
0.00022778325625,0.591339
0.00022883325625,0.591339
0.00022988325625,0.574455
0.00023093325625,0.574455
0.00023198325625,0.591339
0.00023303325625,0.591339
0.00023408325625,0.591339
0.00023513325625,0.591339
0.00023618325625,0.591339
0.00023723325625,0.591339
0.00023828325625,0.591339
0.00023933325625,0.608224
0.00024038325625,0.608224
0.00024143325625,0.591339
0.00024248325625,0.625108
0.00024353325625,0.608224
0.00024458325625,0.625108
0.00024563325625,0.625108
0.00024668325625,0.625108
0.00024773325625,0.625108
0.00024878325625,0.625108
0.00024983325625,0.625108
0.00025088325625,0.641992
0.00025193325625,0.641992
0.00025298325625,0.641992
0.00025403325625,0.641992
0.00025508325625,0.641992
0.00025613325625,0.641992
0.00025718325625,0.641992
0.00025823325625,0.658877
0.00025928325625,0.658877
0.00026033325625,0.641992
0.00026138325625,0.658877
0.00026243325625,0.658877
0.00026348325625,0.658877
0.00026453325625,0.675761
0.00026558325625,0.658877
0.00026663325625,0.658877
0.00026768325625,0.675761
0.00026873325625,0.675761
0.00026978325625,0.675761
0.00027083325625,0.675761
0.00027188325625,0.675761
0.00027293325625,0.692646
0.00027398325625,0.675761
0.00027503325625,0.675761
0.00027608325625,0.692646
0.00027713325625,0.692646
0.00027818325625,0.692646
0.00027923325625,0.692646
0.00028028325625,0.692646
0.00028133325625,0.692646
0.00028238325625,0.726415
0.00028343325625,0.692646
0.00028448325625,0.70953
0.00028553325625,0.70953
0.00028658325625,0.70953
0.00028763325625,0.70953
0.00028868325625,0.70953
0.00028973325625,0.726415
0.00029078325625,0.726415
0.00029183325625,0.726415
0.00029288325625,0.726415
0.00029393325625,0.743299
0.00029498325625,0.726415
0.00029603325625,0.743299
0.00029708325625,0.743299
0.00029813325625,0.726415
0.00029918325625,0.743299
0.00030023325625,0.743299
0.00030128325625,0.743299
0.00030233325625,0.743299
0.00030338325625,0.743299
0.00030443325625,0.743299
0.00030548325625,0.743299
0.00030653325625,0.743299
0.00030758325625,0.743299
0.00030863325625,0.760183
0.00030968325625,0.760183
0.00031073325625,0.760183
0.00031178325625,0.760183
0.00031283325625,0.760183
0.00031388325625,0.760183
0.00031493325625,0.760183
0.00031598325625,0.777068
0.00031703325625,0.777068
0.00031808325625,0.777068
0.00031913325625,0.777068
0.00032018325625,0.777068
0.00032123325625,0.793952
0.00032228325625,0.793952
0.00032333325625,0.777068
0.00032438325625,0.793952
0.00032543325625,0.777068
0.00032648325625,0.793952
0.00032753325625,0.793952
0.00032858325625,0.793952
0.00032963325625,0.793952
0.00033068325625,0.793952
0.00033173325625,0.793952
0.00033278325625,0.793952
0.00033383325625,0.810837
0.00033488325625,0.810837
0.00033593325625,0.810837
0.00033698325625,0.827721
0.00033803325625,0.827721
0.00033908325625,0.810837
0.00034013325625,0.827721
0.00034118325625,0.810837
0.00034223325625,0.827721
0.00034328325625,0.827721
0.00034433325625,0.827721
0.00034538325625,0.827721
0.00034643325625,0.827721
0.00034748325625,0.827721
0.00034853325625,0.810837
0.00034958325625,0.827721
0.00035063325625,0.827721
0.00035168325625,0.844606
0.00035273325625,0.844606
0.00035378325625,0.844606
0.00035483325625,0.844606
0.00035588325625,0.844606
0.00035693325625,0.844606
0.00035798325625,0.844606
0.00035903325625,0.844606
0.00036008325625,0.844606
0.00036113325625,0.844606
0.00036218325625,0.86149
0.00036323325625,0.86149
0.00036428325625,0.86149
0.00036533325625,0.86149
0.00036638325625,0.86149
0.00036743325625,0.86149
0.00036848325625,0.878374
0.00036953325625,0.86149
0.00037058325625,0.878374
0.00037163325625,0.878374
0.00037268325625,0.878374
0.00037373325625,0.878374
0.00037478325625,0.86149
0.00037583325625,0.878374
0.00037688325625,0.878374
0.00037793325625,0.878374
0.00037898325625,0.878374
0.00038003325625,0.878374
0.00038108325625,0.878374
0.00038213325625,0.895259
0.00038318325625,0.895259
0.00038423325625,0.895259
0.00038528325625,0.895259
0.00038633325625,0.912143
0.00038738325625,0.912143
0.00038843325625,0.895259
0.00038948325625,0.912143
0.00039053325625,0.895259
0.00039158325625,0.912143
0.00039263325625,0.912143
0.00039368325625,0.912143
0.00039473325625,0.912143
0.00039578325625,0.912143
0.00039683325625,0.912143
0.00039788325625,0.912143
0.00039893325625,0.912143
0.00039998325625,0.929028
0.00040103325625,0.929028
0.00040208325625,0.912143
0.00040313325625,0.929028
0.00040418325625,0.929028
0.00040523325625,0.912143
0.00040628325625,0.929028
0.00040733325625,0.929028
0.00040838325625,0.945912
0.00040943325625,0.945912
0.00041048325625,0.929028
0.00041153325625,0.929028
0.00041258325625,0.945912
0.00041363325625,0.945912
0.00041468325625,0.945912
0.00041573325625,0.945912
0.00041678325625,0.945912
0.00041783325625,0.945912
0.00041888325625,0.945912
0.00041993325625,0.945912
0.00042098325625,0.945912
0.00042203325625,0.945912
0.00042308325625,0.945912
0.00042413325625,0.945912
0.00042518325625,0.945912
0.00042623325625,0.945912
0.00042728325625,0.945912
0.00042833325625,0.962796
0.00042938325625,0.962796
0.00043043325625,0.962796
0.00043148325625,0.962796
0.00043253325625,0.979681
0.00043358325625,0.962796
0.00043463325625,0.962796
0.00043568325625,0.979681
0.00043673325625,0.962796
0.00043778325625,0.962796
0.00043883325625,0.979681
0.00043988325625,0.962796
0.00044093325625,0.962796
0.00044198325625,0.979681
0.00044303325625,0.979681
0.00044408325625,0.979681
0.00044513325625,0.962796
0.00044618325625,0.979681
0.00044723325625,0.979681
0.00044828325625,0.979681
0.00044933325625,0.979681
0.00045038325625,0.979681
0.00045143325625,0.979681
0.00045248325625,0.979681
0.00045353325625,0.979681
0.00045458325625,0.979681
0.00045563325625,0.996565
0.00045668325625,0.979681
0.00045773325625,0.996565
0.00045878325625,0.996565
0.00045983325625,0.996565
0.00046088325625,0.996565
0.00046193325625,1.01345
0.00046298325625,0.996565
0.00046403325625,0.996565
0.00046508325625,0.996565
0.00046613325625,0.979681
0.00046718325625,0.996565
0.00046823325625,0.996565
0.00046928325625,0.996565
0.00047033325625,0.996565
0.00047138325625,0.996565
0.00047243325625,1.01345
0.00047348325625,1.01345
0.00047453325625,1.01345
0.00047558325625,1.01345
0.00047663325625,1.01345
0.00047768325625,1.03033
0.00047873325625,1.01345
0.00047978325625,1.01345
0.00048083325625,1.01345
0.00048188325625,1.01345
0.00048293325625,1.03033
0.00048398325625,1.03033
0.00048503325625,1.01345
0.00048608325625,1.03033
0.00048713325625,1.03033
0.00048818325625,1.03033
0.00048923325625,1.01345
0.00049028325625,1.03033
0.00049133325625,1.01345
0.00049238325625,1.03033
0.00049343325625,1.03033
0.00049448325625,1.01345
0.00049553325625,1.03033
0.00049658325625,1.03033
0.00049763325625,1.03033
0.00049868325625,1.03033
0.00049973325625,1.03033
0.00050078325625,1.04722
0.00050183325625,1.03033
0.00050288325625,1.03033
0.00050393325625,1.04722
0.00050498325625,1.04722
0.00050603325625,1.04722
0.00050708325625,1.03033
0.00050813325625,1.04722
0.00050918325625,1.04722
0.00051023325625,1.04722
0.00051128325625,1.04722
0.00051233325625,1.04722
0.00051338325625,1.04722
0.00051443325625,1.04722
0.00051548325625,1.04722
0.00051653325625,1.04722
0.00051758325625,1.04722
0.00051863325625,1.04722
0.00051968325625,1.0641
0.00052073325625,1.04722
0.00052178325625,1.04722
0.00052283325625,1.0641
0.00052388325625,1.0641
0.00052493325625,1.0641
0.00052598325625,1.0641
0.00052703325625,1.04722
0.00052808325625,1.04722
0.00052913325625,1.0641
0.00053018325625,1.0641
0.00053123325625,1.04722
0.00053228325625,1.0641
0.00053333325625,1.0641
0.00053438325625,1.0641
0.00053543325625,1.0641
0.00053648325625,1.0641
0.00053753325625,1.04722
0.00053858325625,1.0641
0.00053963325625,1.0641
0.00054068325625,1.0641
0.00054173325625,1.04722
0.00054278325625,1.0641
0.00054383325625,1.0641
0.00054488325625,1.0641
0.00054593325625,1.0641
0.00054698325625,1.0641
0.00054803325625,1.08099
0.00054908325625,1.0641
0.00055013325625,1.0641
0.00055118325625,1.0641
0.00055223325625,1.0641
0.00055328325625,1.08099
0.00055433325625,1.0641
0.00055538325625,1.08099
0.00055643325625,1.0641
0.00055748325625,1.0641
0.00055853325625,1.0641
0.00055958325625,1.0641
0.00056063325625,1.0641
0.00056168325625,1.08099
0.00056273325625,1.08099
0.00056378325625,1.08099
0.00056483325625,1.08099
0.00056588325625,1.08099
0.00056693325625,1.08099
0.00056798325625,1.08099
0.00056903325625,1.08099
0.00057008325625,1.08099
0.00057113325625,1.08099
0.00057218325625,1.08099
0.00057323325625,1.08099
0.00057428325625,1.08099
0.00057533325625,1.08099
0.00057638325625,1.08099
0.00057743325625,1.08099
0.00057848325625,1.08099
0.00057953325625,1.0641
0.00058058325625,1.08099
0.00058163325625,1.08099
0.00058268325625,1.08099
0.00058373325625,1.08099
0.00058478325625,1.08099
0.00058583325625,1.0641
0.00058688325625,1.08099
0.00058793325625,1.08099
0.00058898325625,1.08099
0.00059003325625,1.08099
0.00059108325625,1.08099
0.00059213325625,1.08099
0.00059318325625,1.08099
0.00059423325625,1.09787
0.00059528325625,1.08099
0.00059633325625,1.09787
0.00059738325625,1.09787
0.00059843325625,1.08099
0.00059948325625,1.08099
0.00060053325625,1.08099
0.00060158325625,1.08099
0.00060263325625,1.08099
0.00060368325625,1.09787
0.00060473325625,1.08099
0.00060578325625,1.08099
0.00060683325625,1.08099
0.00060788325625,1.08099
0.00060893325625,1.09787
0.00060998325625,1.08099
0.00061103325625,1.08099
0.00061208325625,1.08099
0.00061313325625,1.09787
0.00061418325625,1.09787
0.00061523325625,1.09787
0.00061628325625,1.08099
0.00061733325625,1.09787
0.00061838325625,1.08099
0.00061943325625,1.09787
0.00062048325625,1.09787
0.00062153325625,1.08099
0.00062258325625,1.08099
0.00062363325625,1.09787
0.00062468325625,1.08099
0.00062573325625,1.08099
0.00062678325625,1.08099
0.00062783325625,1.08099
0.00062888325625,1.08099
0.00062993325625,1.09787
0.00063098325625,1.08099
0.00063203325625,1.08099
0.00063308325625,1.08099
0.00063413325625,1.09787
0.00063518325625,1.08099
0.00063623325625,1.08099
0.00063728325625,1.08099
0.00063833325625,1.09787
0.00063938325625,1.08099
0.00064043325625,1.08099
0.00064148325625,1.08099
0.00064253325625,1.09787
0.00064358325625,1.08099
0.00064463325625,1.08099
0.00064568325625,1.09787
0.00064673325625,1.08099
0.00064778325625,1.08099
0.00064883325625,1.08099
0.00064988325625,1.08099
0.00065093325625,1.08099
0.00065198325625,1.08099
0.00065303325625,1.09787
0.00065408325625,1.08099
0.00065513325625,1.0641
0.00065618325625,1.0641
0.00065723325625,1.08099
0.00065828325625,1.08099
0.00065933325625,1.08099
0.00066038325625,1.08099
0.00066143325625,1.08099
0.00066248325625,1.09787
0.00066353325625,1.08099
0.00066458325625,1.08099
0.00066563325625,1.08099
0.00066668325625,1.08099
0.00066773325625,1.08099
0.00066878325625,1.08099
0.00066983325625,1.08099
0.00067088325625,1.0641
0.00067193325625,1.0641
0.00067298325625,1.0641
0.00067403325625,1.0641
0.00067508325625,1.0641
0.00067613325625,1.0641
0.00067718325625,1.0641
0.00067823325625,1.0641
0.00067928325625,1.0641
0.00068033325625,1.0641
0.00068138325625,1.0641
0.00068243325625,1.0641
0.00068348325625,1.0641
0.00068453325625,1.08099
0.00068558325625,1.0641
0.00068663325625,1.08099
0.00068768325625,1.08099
0.00068873325625,1.0641
0.00068978325625,1.0641
0.00069083325625,1.0641
0.00069188325625,1.0641
0.00069293325625,1.0641
0.00069398325625,1.0641
0.00069503325625,1.0641
0.00069608325625,1.0641
0.00069713325625,1.0641
0.00069818325625,1.0641
0.00069923325625,1.04722
0.00070028325625,1.0641
0.00070133325625,1.0641
0.00070238325625,1.0641
0.00070343325625,1.0641
0.00070448325625,1.04722
0.00070553325625,1.0641
0.00070658325625,1.0641
0.00070763325625,1.04722
0.00070868325625,1.0641
0.00070973325625,1.04722
0.00071078325625,1.0641
0.00071183325625,1.04722
0.00071288325625,1.04722
0.00071393325625,1.0641
0.00071498325625,1.04722
0.00071603325625,1.04722
0.00071708325625,1.04722
0.00071813325625,1.0641
0.00071918325625,1.04722
0.00072023325625,1.04722
0.00072128325625,1.03033
0.00072233325625,1.03033
0.00072338325625,1.04722
0.00072443325625,1.04722
0.00072548325625,1.04722
0.00072653325625,1.04722
0.00072758325625,1.04722
0.00072863325625,1.04722
0.00072968325625,1.03033
0.00073073325625,1.04722
0.00073178325625,1.04722
0.00073283325625,1.03033
0.00073388325625,1.03033
0.00073493325625,1.03033
0.00073598325625,1.04722
0.00073703325625,1.04722
0.00073808325625,1.04722
0.00073913325625,1.03033
0.00074018325625,1.03033
0.00074123325625,1.04722
0.00074228325625,1.03033
0.00074333325625,1.03033
0.00074438325625,1.01345
0.00074543325625,1.03033
0.00074648325625,1.03033
0.00074753325625,1.01345
0.00074858325625,1.03033
0.00074963325625,1.03033
0.00075068325625,1.03033
0.00075173325625,1.03033
0.00075278325625,1.03033
0.00075383325625,1.03033
0.00075488325625,1.01345
0.00075593325625,1.01345
0.00075698325625,1.03033
0.00075803325625,1.01345
0.00075908325625,1.01345
0.00076013325625,1.01345
0.00076118325625,1.01345
0.00076223325625,1.01345
0.00076328325625,0.996565
0.00076433325625,1.01345
0.00076538325625,1.01345
0.00076643325625,0.996565
0.00076748325625,0.996565
0.00076853325625,0.996565
0.00076958325625,1.01345
0.00077063325625,0.996565
0.00077168325625,0.996565
0.00077273325625,0.996565
0.00077378325625,0.996565
0.00077483325625,0.996565
0.00077588325625,0.996565
0.00077693325625,0.996565
0.00077798325625,0.996565
0.00077903325625,0.996565
0.00078008325625,0.996565
0.00078113325625,0.996565
0.00078218325625,0.996565
0.00078323325625,0.996565
0.00078428325625,0.996565
0.00078533325625,0.996565
0.00078638325625,0.979681
0.00078743325625,0.996565
0.00078848325625,0.979681
0.00078953325625,0.979681
0.00079058325625,0.996565
0.00079163325625,0.979681
0.00079268325625,0.979681
0.00079373325625,0.962796
0.00079478325625,0.979681
0.00079583325625,0.979681
0.00079688325625,0.979681
0.00079793325625,0.979681
0.00079898325625,0.979681
0.00080003325625,0.962796
0.00080108325625,0.979681
0.00080213325625,0.962796
0.00080318325625,0.962796
0.00080423325625,0.962796
0.00080528325625,0.962796
0.00080633325625,0.945912
0.00080738325625,0.945912
0.00080843325625,0.945912
0.00080948325625,0.945912
0.00081053325625,0.945912
0.00081158325625,0.962796
0.00081263325625,0.945912
0.00081368325625,0.945912
0.00081473325625,0.945912
0.00081578325625,0.945912
0.00081683325625,0.945912
0.00081788325625,0.945912
0.00081893325625,0.945912
0.00081998325625,0.945912
0.00082103325625,0.929028
0.00082208325625,0.945912
0.00082313325625,0.945912
0.00082418325625,0.929028
0.00082523325625,0.929028
0.00082628325625,0.929028
0.00082733325625,0.929028
0.00082838325625,0.929028
0.00082943325625,0.929028
0.00083048325625,0.929028
0.00083153325625,0.929028
0.00083258325625,0.912143
0.00083363325625,0.912143
0.00083468325625,0.912143
0.00083573325625,0.912143
0.00083678325625,0.912143
0.00083783325625,0.912143
0.00083888325625,0.912143
0.00083993325625,0.912143
0.00084098325625,0.912143
0.00084203325625,0.912143
0.00084308325625,0.912143
0.00084413325625,0.912143
0.00084518325625,0.912143
0.00084623325625,0.912143
0.00084728325625,0.912143
0.00084833325625,0.912143
0.00084938325625,0.895259
0.00085043325625,0.895259
0.00085148325625,0.895259
0.00085253325625,0.895259
0.00085358325625,0.878374
0.00085463325625,0.895259
0.00085568325625,0.895259
0.00085673325625,0.878374
0.00085778325625,0.895259
0.00085883325625,0.878374
0.00085988325625,0.878374
0.00086093325625,0.86149
0.00086198325625,0.86149
0.00086303325625,0.878374
0.00086408325625,0.86149
0.00086513325625,0.86149
0.00086618325625,0.878374
0.00086723325625,0.86149
0.00086828325625,0.86149
0.00086933325625,0.86149
0.00087038325625,0.86149
0.00087143325625,0.86149
0.00087248325625,0.86149
0.00087353325625,0.86149
0.00087458325625,0.844606
0.00087563325625,0.844606
0.00087668325625,0.86149
0.00087773325625,0.86149
0.00087878325625,0.844606
0.00087983325625,0.844606
0.00088088325625,0.844606
0.00088193325625,0.844606
0.00088298325625,0.844606
0.00088403325625,0.827721
0.00088508325625,0.827721
0.00088613325625,0.827721
0.00088718325625,0.827721
0.00088823325625,0.827721
0.00088928325625,0.827721
0.00089033325625,0.827721
0.00089138325625,0.827721
0.00089243325625,0.827721
0.00089348325625,0.827721
0.00089453325625,0.827721
0.00089558325625,0.827721
0.00089663325625,0.810837
0.00089768325625,0.810837
0.00089873325625,0.810837
0.00089978325625,0.810837
0.00090083325625,0.810837
0.00090188325625,0.793952
0.00090293325625,0.810837
0.00090398325625,0.793952
0.00090503325625,0.793952
0.00090608325625,0.793952
0.00090713325625,0.793952
0.00090818325625,0.793952
0.00090923325625,0.793952
0.00091028325625,0.793952
0.00091133325625,0.793952
0.00091238325625,0.777068
0.00091343325625,0.777068
0.00091448325625,0.777068
0.00091553325625,0.777068
0.00091658325625,0.777068
0.00091763325625,0.777068
0.00091868325625,0.777068
0.00091973325625,0.777068
0.00092078325625,0.777068
0.00092183325625,0.777068
0.00092288325625,0.760183
0.00092393325625,0.777068
0.00092498325625,0.760183
0.00092603325625,0.760183
0.00092708325625,0.760183
0.00092813325625,0.743299
0.00092918325625,0.743299
0.00093023325625,0.743299
0.00093128325625,0.760183
0.00093233325625,0.743299
0.00093338325625,0.743299
0.00093443325625,0.726415
0.00093548325625,0.743299
0.00093653325625,0.743299
0.00093758325625,0.726415
0.00093863325625,0.726415
0.00093968325625,0.726415
0.00094073325625,0.726415
0.00094178325625,0.743299
0.00094283325625,0.726415
0.00094388325625,0.726415
0.00094493325625,0.726415
0.00094598325625,0.70953
0.00094703325625,0.70953
0.00094808325625,0.70953
0.00094913325625,0.70953
0.00095018325625,0.70953
0.00095123325625,0.70953
0.00095228325625,0.70953
0.00095333325625,0.692646
0.00095438325625,0.675761
0.00095543325625,0.692646
0.00095648325625,0.692646
0.00095753325625,0.692646
0.00095858325625,0.692646
0.00095963325625,0.675761
0.00096068325625,0.692646
0.00096173325625,0.675761
0.00096278325625,0.692646
0.00096383325625,0.675761
0.00096488325625,0.675761
0.00096593325625,0.675761
0.00096698325625,0.675761
0.00096803325625,0.675761
0.00096908325625,0.675761
0.00097013325625,0.658877
0.00097118325625,0.658877
0.00097223325625,0.658877
0.00097328325625,0.658877
0.00097433325625,0.658877
0.00097538325625,0.641992
0.00097643325625,0.641992
0.00097748325625,0.641992
0.00097853325625,0.641992
0.00097958325625,0.641992
0.00098063325625,0.641992
0.00098168325625,0.641992
0.00098273325625,0.641992
0.00098378325625,0.625108
0.00098483325625,0.625108
0.00098588325625,0.641992
0.00098693325625,0.641992
0.00098798325625,0.625108
0.00098903325625,0.625108
0.00099008325625,0.625108
0.00099113325625,0.625108
0.00099218325625,0.608224
0.00099323325625,0.608224
0.00099428325625,0.608224
0.00099533325625,0.608224
0.00099638325625,0.608224
0.00099743325625,0.608224
0.00099848325625,0.608224
0.00099953325625,0.591339
0.00100058325625,0.591339
0.00100163325625,0.591339
0.00100268325625,0.574455
0.00100373325625,0.591339
0.00100478325625,0.591339
0.00100583325625,0.574455
0.00100688325625,0.574455
0.00100793325625,0.574455
0.00100898325625,0.574455
0.00101003325625,0.574455
0.00101108325625,0.574455
0.00101213325625,0.574455
0.00101318325625,0.55757
0.00101423325625,0.574455
0.00101528325625,0.55757
0.00101633325625,0.55757
0.00101738325625,0.55757
0.00101843325625,0.55757
0.00101948325625,0.540686
0.00102053325625,0.540686
0.00102158325625,0.540686
0.00102263325625,0.523802
0.00102368325625,0.523802
0.00102473325625,0.523802
0.00102578325625,0.523802
0.00102683325625,0.523802
0.00102788325625,0.523802
0.00102893325625,0.523802
0.00102998325625,0.523802
0.00103103325625,0.523802
0.00103208325625,0.523802
0.00103313325625,0.523802
0.00103418325625,0.506917
0.00103523325625,0.506917
0.00103628325625,0.506917
0.00103733325625,0.506917
0.00103838325625,0.506917
0.00103943325625,0.506917
0.00104048325625,0.506917
0.00104153325625,0.490033
0.00104258325625,0.490033
0.00104363325625,0.490033
0.00104468325625,0.490033
0.00104573325625,0.490033
0.00104678325625,0.473148
0.00104783325625,0.473148
0.00104888325625,0.473148
